Date,Ticker,Close,Return,MA_7,MA_30,Volatility_30,Predicted_Return
2018-11-05 00:00:00-05:00,EEM,34.80067825317383,0.0026945773115403,33.63097926548549,34.464546585083006,0.01696172903535,-0.001550396
2018-11-06 00:00:00-05:00,EEM,34.74116516113281,-0.0017101129928577,33.896985735212056,34.406446584065755,0.0169324390792134,-0.0019224035
2018-11-07 00:00:00-05:00,EEM,35.39585876464844,0.0188448948237369,34.33790097917829,34.36761868794759,0.0173263520812929,-0.0023044469
2018-11-08 00:00:00-05:00,EEM,34.47758483886719,-0.0259429763206755,34.5577517918178,34.29222984313965,0.0178748650576426,-0.0035574576
2018-11-09 00:00:00-05:00,EEM,33.839900970458984,-0.0184956072587001,34.63548987252371,34.203804143269856,0.0181107726097141,-0.0038072607
2018-11-12 00:00:00-05:00,EEM,33.3637580871582,-0.0140704573490458,34.47515760149275,34.09922370910645,0.018228211464482,-0.00037251227
2018-11-13 00:00:00-05:00,EEM,33.74636459350586,0.0114677281062927,34.33790152413504,34.02270113627116,0.0183132926393108,0.0015886789
2018-11-14 00:00:00-05:00,EEM,33.95043182373047,0.0060470878176868,34.21643774850028,33.962900416056314,0.0183317633479605,-0.0013060868
2018-11-15 00:00:00-05:00,EEM,34.707157135009766,0.022289121835274,34.21157945905413,33.958082580566405,0.0182802356004367,-0.00071735214
2018-11-16 00:00:00-05:00,EEM,34.775169372558594,0.0019596026630548,34.12290954589844,33.9597827911377,0.0182699898928053,-0.0032314053
2018-11-19 00:00:00-05:00,EEM,34.30754089355469,-0.0134471948646471,34.09861755371094,33.9441951751709,0.0184367592446816,-0.0028160708
2018-11-20 00:00:00-05:00,EEM,33.567813873291016,-0.0215616450785209,34.059747968401226,33.90820109049479,0.0188350558241486,-0.0026226984
2018-11-21 00:00:00-05:00,EEM,34.18849563598633,0.0184903838253576,34.177567618233816,33.92718989054362,0.0183415525115537,-0.0007593101
2018-11-23 00:00:00-05:00,EEM,33.78888320922852,-0.0116885057187827,34.183641706194194,33.94419492085775,0.0183758038691139,-0.0042375596
2018-11-26 00:00:00-05:00,EEM,34.205501556396484,0.012330041942735,34.2200802394322,33.94249432881673,0.0177087016995832,-0.001439034
2018-11-27 00:00:00-05:00,EEM,34.44357681274414,0.0069601451671488,34.18242590767996,33.96091651916504,0.0176312084989827,-0.0030543106
2018-11-28 00:00:00-05:00,EEM,35.268310546875,0.0239444857488118,34.25287464686802,33.978488032023115,0.0175777993130957,-0.0025662119
2018-11-29 00:00:00-05:00,EEM,34.96222686767578,-0.008678716798538,34.34640121459961,34.00002784729004,0.0174996602526822,-0.0036831843
2018-11-30 00:00:00-05:00,EEM,34.928218841552734,-0.0009727076668131,34.54074478149414,34.05047607421875,0.0167453557383765,-0.0037970925
2018-12-03 00:00:00-05:00,EEM,35.63393020629883,0.0202046193064542,34.747235434395925,34.113961664835614,0.0170321178162065,-0.0028524334
2018-12-04 00:00:00-05:00,EEM,34.8772087097168,-0.0212359818914464,34.902710505894255,34.140036265055336,0.0174577683401723,-0.00357397
2018-12-06 00:00:00-05:00,EEM,34.55410385131836,-0.0092640687242961,34.952510833740234,34.16781094868978,0.0174204384465482,-0.0037575653
2018-12-07 00:00:00-05:00,EEM,33.90791702270508,-0.0187007260090938,34.8759880065918,34.21032346089681,0.0166883575888682,-0.00134796
2018-12-10 00:00:00-05:00,EEM,33.55081558227539,-0.0105315062612241,34.630631583077566,34.21995964050293,0.0164739297236467,8.908566e-05
2018-12-11 00:00:00-05:00,EEM,33.805885314941406,0.0076024897827153,34.46543993268694,34.25085182189942,0.0163660801392506,0.0011037579
2018-12-12 00:00:00-05:00,EEM,34.358551025390625,0.0163482099433425,34.38405881609236,34.31915512084961,0.0162159431837146,-0.00043957494
2018-12-13 00:00:00-05:00,EEM,34.35005187988281,-0.000247366237928,34.20064762660435,34.36620254516602,0.0158870568520175,-0.0012776526
2018-12-14 00:00:00-05:00,EEM,33.86540603637695,-0.0141090279921729,34.056104387555806,34.38519159952799,0.0160347118196108,-0.00039279182
2018-12-17 00:00:00-05:00,EEM,33.55081558227539,-0.0092894339953769,33.91277749197824,34.35401598612467,0.0146909771502595,-6.315671e-05
2018-12-18 00:00:00-05:00,EEM,33.778656005859375,0.0067909056644319,33.89431163242885,34.32306594848633,0.0146975884475254,0.00021731853
2018-12-19 00:00:00-05:00,EEM,33.21768569946289,-0.0166072417534663,33.84672164916992,34.2702995300293,0.014959518466065,-0.00013348367
2018-12-20 00:00:00-05:00,EEM,33.47659683227539,0.0077943760186967,33.79968043736049,34.22814725240072,0.0150540002266958,0.0015536733
2018-12-21 00:00:00-05:00,EEM,33.24357986450195,-0.006960593065684,33.640398842947825,34.15640462239583,0.0146040759064373,-0.00021787547
2018-12-24 00:00:00-05:00,EEM,32.93288803100586,-0.0093459198667065,33.43794686453683,34.10491472880046,0.0139656420388256,0.0013356823
2018-12-26 00:00:00-05:00,EEM,33.58878326416016,0.0199161164528536,33.39842932564871,34.096544138590495,0.0141074372118259,0.0015533855
2018-12-27 00:00:00-05:00,EEM,33.54563903808594,-0.0012844831482854,33.39768981933594,34.10260683695476,0.0138634826367773,-0.0007225843
2018-12-28 00:00:00-05:00,EEM,33.864952087402344,0.0095187648371781,33.410017830984934,34.10655975341797,0.0138136962416811,0.0012311358
2018-12-31 00:00:00-05:00,EEM,33.709617614746094,-0.0045868800361903,33.48029381888254,34.098532613118486,0.0137951473294951,0.00070011243
2019-01-02 00:00:00-05:00,EEM,33.79591369628906,0.002559983994159,33.52591051374163,34.0681578318278,0.0131436523826722,0.00070222747
2019-01-03 00:00:00-05:00,EEM,33.183162689208984,-0.0181309199859673,33.51727948869978,34.01509094238281,0.0135048910237074,0.0006225407
2019-01-04 00:00:00-05:00,EEM,34.25330352783203,0.0322495130631732,33.70591027396066,34.013283030192056,0.0146373134926295,0.0012213448
2019-01-07 00:00:00-05:00,EEM,34.33098220825195,0.0022677719349553,33.8119386945452,34.03872197469075,0.0140592121948722,-0.003102948
2019-01-08 00:00:00-05:00,EEM,34.46043395996094,0.0037706975851645,33.94262368338449,34.04778658548991,0.0136737272054509,0.00043019745
2019-01-09 00:00:00-05:00,EEM,35.07318115234375,0.0177811803848655,34.11522783551897,34.090596516927086,0.0138363360194625,0.0006488422
2019-01-10 00:00:00-05:00,EEM,35.323455810546875,0.0071357843794104,34.3457761492048,34.127861658732094,0.0137260833875151,0.0001720814
2019-01-11 00:00:00-05:00,EEM,35.15085220336914,-0.0048863737484654,34.539338793073384,34.151437505086264,0.013723969843558,0.00013285596
2019-01-14 00:00:00-05:00,EEM,34.857425689697266,-0.0083476358403552,34.77851922171457,34.13774134318034,0.0130955203413069,-0.00012675393
2019-01-15 00:00:00-05:00,EEM,35.09907150268555,0.0069324055981478,34.89934321812221,34.142302831014,0.0130615480352168,4.8359856e-05
2019-01-16 00:00:00-05:00,EEM,35.53058242797852,0.0122940837697076,35.07071467808315,34.16238161722819,0.0132433624160324,0.00031374302
2019-01-17 00:00:00-05:00,EEM,35.6859245300293,0.0043720674257354,35.245784759521484,34.164114761352536,0.0127434557003199,0.0002773432
2019-01-18 00:00:00-05:00,EEM,35.8585319519043,0.0048368488177952,35.35797773088728,34.19682553609212,0.0121095954849814,0.00031110737
2019-01-22 00:00:00-05:00,EEM,35.237152099609375,-0.0173286472833956,35.34564862932478,34.21959381103515,0.0124304715001924,0.0006599091
2019-01-23 00:00:00-05:00,EEM,35.59962463378906,0.0102866580464573,35.40975897652762,34.275984064737955,0.0119869397567706,0.00037859194
2019-01-24 00:00:00-05:00,EEM,35.9448356628418,0.0096970412638868,35.565103258405415,34.35578473409017,0.0118436442790171,0.00092395116
2019-01-25 00:00:00-05:00,EEM,36.41949844360352,0.0132053123072812,35.75373567853655,34.44290517171224,0.0119725116867843,0.0011703018
2019-01-28 00:00:00-05:00,EEM,36.03976821899414,-0.0104265638143645,35.826476505824495,34.498945744832355,0.0119065790725516,0.001102088
2019-01-29 00:00:00-05:00,EEM,36.10018157958984,0.0016762971456585,35.88565608433315,34.55728340148926,0.0119011206495622,0.0002631303
2019-01-30 00:00:00-05:00,EEM,36.885520935058594,0.0217544433602729,36.03236879621233,34.65795389811198,0.0120558699331604,0.0013980018
2019-01-31 00:00:00-05:00,EEM,37.19621658325195,0.0084232414323326,36.31223515101841,34.7794672648112,0.0118695199656082,0.0008027451
2019-02-01 00:00:00-05:00,EEM,36.90277862548828,-0.0078889194847788,36.49840000697544,34.88360468546549,0.0120311727225974,0.00066920836
2019-02-04 00:00:00-05:00,EEM,36.96319580078125,0.0016371985401457,36.64388002668108,35.00845502217611,0.0114518741529072,0.00021086168
2019-02-05 00:00:00-05:00,EEM,37.47238159179688,0.0137754807176295,36.79429190499442,35.14164784749349,0.011578226314559,0.0011934219
2019-02-06 00:00:00-05:00,EEM,36.96319580078125,-0.0135882954161391,36.92621013096401,35.265635045369464,0.0118512360222994,0.0009791283
2019-02-07 00:00:00-05:00,EEM,36.59210586547852,-0.0100394440270471,36.9964850289481,35.38760897318522,0.0118780243257256,-0.00012607593
2019-02-08 00:00:00-05:00,EEM,36.38497924804688,-0.0056604180746822,36.92497907366072,35.48081550598145,0.0115796481491362,0.0012623565
2019-02-11 00:00:00-05:00,EEM,36.264156341552734,-0.0033206809235883,36.79182761056082,35.571432749430336,0.0116099395038653,0.0014331127
2019-02-12 00:00:00-05:00,EEM,36.56620788574219,0.0083292036727558,36.74374607631138,35.661474609375,0.0115877368164001,0.001434491
2019-02-13 00:00:00-05:00,EEM,36.30730056762695,-0.0070805077443151,36.65004675728934,35.748064041137695,0.0116500364733437,0.00057925563
2019-02-14 00:00:00-05:00,EEM,36.3763542175293,0.0019019218951219,36.49347141810826,35.83407872517903,0.0116506226899217,0.0010286095
2019-02-15 00:00:00-05:00,EEM,36.32456588745117,-0.0014236811575022,36.40223857334682,35.93879216512044,0.0110111682750852,0.001238347
2019-02-19 00:00:00-05:00,EEM,36.60935974121094,0.0078402548468763,36.40470341273716,36.01732737223308,0.0095915982304899,0.0015339684
2019-02-20 00:00:00-05:00,EEM,36.81647491455078,0.0056574377373417,36.46634565080915,36.1001771291097,0.0096115857405237,0.0016921563
2019-02-21 00:00:00-05:00,EEM,36.73881149291992,-0.0021094746797761,36.534153529575896,36.176123046875,0.0096420967333572,0.0020025698
2019-02-22 00:00:00-05:00,EEM,37.14443206787109,0.0110406558750364,36.61675698416574,36.245164744059245,0.0093398424133795,0.002095771
2019-02-25 00:00:00-05:00,EEM,37.558685302734375,0.0111524988215288,36.79552623203823,36.319672393798825,0.0094448498184478,0.0022422867
2019-02-26 00:00:00-05:00,EEM,37.429229736328125,-0.0034467544687147,36.94593702043806,36.39561831156413,0.0094117791928137,0.002391941
2019-02-27 00:00:00-05:00,EEM,37.10991668701172,-0.0085311146279477,37.05812999180385,36.47070134480794,0.0094188851243823,0.0021433486
2019-02-28 00:00:00-05:00,EEM,36.62662124633789,-0.0130233501936958,37.0605959211077,36.52161966959636,0.0097664524779066,0.0023382176
2019-03-01 00:00:00-05:00,EEM,36.669769287109375,0.0011780513545402,37.039637974330354,36.55959256490072,0.0095499867706792,0.0026436783
2019-03-04 00:00:00-05:00,EEM,36.72155380249024,0.001412185470146,37.03717258998326,36.59411354064942,0.009530249128636,0.0019281767
2019-03-05 00:00:00-05:00,EEM,37.084022521972656,0.0098707348123661,37.02854265485491,36.63496322631836,0.0096438096068702,0.001771572
2019-03-06 00:00:00-05:00,EEM,36.87689208984375,-0.0055854359382447,36.931143624441965,36.68962122599284,0.0090896478059732,0.0013788324
2019-03-07 00:00:00-05:00,EEM,36.195106506347656,-0.0184881519254672,36.75484030587332,36.70947062174479,0.0096383543779813,0.0021143453
2019-03-08 00:00:00-05:00,EEM,35.93620300292969,-0.0071529974189346,36.58716692243304,36.70918286641439,0.0095806175105866,0.0030621337
2019-03-11 00:00:00-04:00,EEM,36.60935974121094,0.0187319939790626,36.58470099312918,36.71551157633464,0.0098906898495698,0.0030551888
2019-03-12 00:00:00-04:00,EEM,36.79922103881836,0.0051861408926443,36.60319410051618,36.74082667032878,0.0097204338377017,0.0003262777
2019-03-13 00:00:00-04:00,EEM,36.842376708984375,0.0011727332521656,36.620454515729634,36.76556650797526,0.0097191976684391,0.0021900441
2019-03-14 00:00:00-04:00,EEM,36.64388275146485,-0.0053876534374374,36.55757740565709,36.757511901855466,0.0089248714212534,0.002536038
2019-03-15 00:00:00-04:00,EEM,37.178958892822266,0.014602059093643,36.60072980608259,36.75693664550781,0.0091974032027856,0.002887628
2019-03-18 00:00:00-04:00,EEM,37.59320831298828,0.0111420392744239,36.80045863560268,36.77995096842448,0.0092885647114315,0.002320283
2019-03-19 00:00:00-04:00,EEM,37.6104621887207,0.0004589625761326,37.03963851928711,36.80152651468913,0.009286780079411,0.002750787
2019-03-20 00:00:00-04:00,EEM,37.67087936401367,0.0016063927901179,37.1912841796875,36.80814310709636,0.0089521062733766,0.0025679534
2019-03-21 00:00:00-04:00,EEM,37.72265625,0.0013744538715438,37.32320349557059,36.83345845540365,0.0085650074996282,0.0027550468
2019-03-22 00:00:00-04:00,EEM,36.61799240112305,-0.029283829896707,37.29114859444754,36.83432133992513,0.0099987831792413,0.0027607782
2019-03-25 00:00:00-04:00,EEM,36.704288482666016,0.0023566579128002,37.29977798461914,36.8449649810791,0.0099472902567033,0.0025824504
2019-03-26 00:00:00-04:00,EEM,36.81647491455078,0.0030564938464274,37.247994559151785,36.86337560017903,0.0099345101192983,0.0014100336
2019-03-27 00:00:00-04:00,EEM,36.41949844360352,-0.0107825768726805,37.080321720668245,36.85848528544109,0.0100309005265791,0.0015957644
2019-03-28 00:00:00-04:00,EEM,36.66114044189453,0.0066349622761883,36.94470432826451,36.87027994791666,0.0100136180018946,0.0025201393
2019-03-29 00:00:00-04:00,EEM,37.04087066650391,0.0103578399371189,36.85470308576311,36.89243049621582,0.0101758602643738,0.0013787849
2019-04-01 00:00:00-04:00,EEM,37.65361404418945,0.016542358931094,36.84483991350447,36.93673210144043,0.0105703924441285,0.0015413817
2019-04-02 00:00:00-04:00,EEM,37.53279113769531,-0.0032087997277591,36.975525447300505,36.96751314798991,0.0105253459309025,0.0018365076
2019-04-03 00:00:00-04:00,EEM,37.79170227050781,0.0068982648229554,37.13087027413504,37.00002072652181,0.0105471641117498,0.001963661
2019-04-04 00:00:00-04:00,EEM,38.024715423583984,0.0061657226077909,37.30347606113979,37.04288419087728,0.0105732224894065,0.0022336086
2019-04-05 00:00:00-04:00,EEM,38.31814193725586,0.0077167313523109,37.57471084594727,37.082007853190106,0.0104835999615151,0.002013824
2019-04-08 00:00:00-04:00,EEM,38.31814193725586,0.0,37.8114253452846,37.10732307434082,0.0103108216334433,0.001760113
2019-04-09 00:00:00-04:00,EEM,38.24046325683594,-0.0020272037341245,37.98279571533203,37.13436419169109,0.0102942883467297,0.0014008498
2019-04-10 00:00:00-04:00,EEM,38.42171096801758,0.0047396839824958,38.09252384730748,37.17809066772461,0.0101653062246495,0.0013468908
2019-04-11 00:00:00-04:00,EEM,38.00746154785156,-0.0107816494822637,38.160333905901226,37.22411867777507,0.0100648231248607,0.0012821732
2019-04-12 00:00:00-04:00,EEM,38.28362274169922,0.0072659731168831,38.23060825892857,37.27791379292806,0.0101238234525233,0.0010771919
2019-04-15 00:00:00-04:00,EEM,38.08512496948242,-0.0051849265560908,38.23923819405692,37.32336616516113,0.0101968783524221,0.0008061072
2019-04-16 00:00:00-04:00,EEM,38.36991882324219,0.00747782379572,38.24663489205496,37.36622937520345,0.0101364324983268,0.0009463616
2019-04-17 00:00:00-04:00,EEM,38.48211288452149,0.0029240109106341,38.27005931309292,37.41973673502604,0.0100591554569423,0.00087167975
2019-04-18 00:00:00-04:00,EEM,38.45622634887695,-0.000672690081291,38.30088261195591,37.495107396443686,0.0093404555819125,0.0010474613
2019-04-22 00:00:00-04:00,EEM,38.20594787597656,-0.0065081391665903,38.27005931309292,37.57076555887858,0.0093192301835507,0.0014877534
2019-04-23 00:00:00-04:00,EEM,38.29224395751953,0.0022587080373741,38.31074251447405,37.6268616994222,0.0087739461174375,0.0017944202
2019-04-24 00:00:00-04:00,EEM,37.774444580078125,-0.0135223043605342,38.23800277709961,37.65936915079752,0.0091618954986622,0.0017198827
2019-04-25 00:00:00-04:00,EEM,37.72265625,-0.001370988525545,38.18622153145926,37.68871180216471,0.0091711755326957,0.0019897847
2019-04-26 00:00:00-04:00,EEM,37.86936950683594,0.0038892610282696,38.11471448625837,37.72956136067708,0.009110559323758,0.0016585328
2019-04-29 00:00:00-04:00,EEM,37.947044372558594,0.0020511264574563,38.038276127406526,37.75516421000163,0.0087520562839661,0.0012896331
2019-04-30 00:00:00-04:00,EEM,37.91252136230469,-0.0009097680945837,37.96060398646763,37.765807978312175,0.0085309402229045,0.0017400822
2019-05-01 00:00:00-04:00,EEM,37.62771987915039,-0.0075120691771628,37.87799998692104,37.76638323465984,0.0086496845084575,0.0022264607
2019-05-02 00:00:00-04:00,EEM,37.71402740478516,0.0022937219133118,37.7953976222447,37.76782150268555,0.0086548532172713,0.00258091
2019-05-03 00:00:00-04:00,EEM,38.16279602050781,0.0118992493404643,37.85087639944894,37.78249282836914,0.0089186510905752,0.0022955555
2019-05-06 00:00:00-04:00,EEM,37.37744140625,-0.0205790638043339,37.80155999319894,37.80780779520671,0.0080145346847129,0.0017605992
2019-05-07 00:00:00-04:00,EEM,36.64388275146485,-0.0196257054305083,37.62649045671736,37.80579427083333,0.0088233994953025,0.0023133503
2019-05-08 00:00:00-04:00,EEM,36.59210586547852,-0.001412974884171,37.43292781284878,37.79831530253092,0.0088074308613918,0.0039871614
2019-05-09 00:00:00-04:00,EEM,36.01387405395508,-0.0158020916765262,37.16169248308455,37.78479448954264,0.0090601228877922,0.002243557
2019-05-10 00:00:00-04:00,EEM,36.22962951660156,0.0059908984610554,36.96196528843472,37.77041079203288,0.0090437896127984,0.0042032627
2019-05-13 00:00:00-04:00,EEM,35.02140426635742,-0.0333490920653907,36.57730484008789,37.703095245361325,0.0106384001408619,0.0012077568
2019-05-14 00:00:00-04:00,EEM,35.51332473754883,0.0140462805960057,36.19880894252232,37.631752268473306,0.0104987471672216,0.0064776195
2019-05-15 00:00:00-04:00,EEM,35.58236312866211,0.0019440137363508,35.9423691885812,37.566738001505534,0.0105186435160255,-0.0010374328
2019-05-16 00:00:00-04:00,EEM,35.409759521484375,-0.0048508191137732,35.766065870012554,37.487339909871416,0.0104046806832071,0.0035052681
2019-05-17 00:00:00-04:00,EEM,34.7711181640625,-0.0180357439884444,35.50592476981027,37.37888666788737,0.0106752146822252,0.004243194
2019-05-20 00:00:00-04:00,EEM,34.624412536621094,-0.0042191806069967,35.307430267333984,37.25576235453288,0.0104857982821761,0.005087952
2019-05-21 00:00:00-04:00,EEM,35.064552307128906,0.0127118335955098,35.140990665980745,37.14730936686198,0.0108742087880012,0.0032868693
2019-05-22 00:00:00-04:00,EEM,34.89194869995117,-0.0049224528996094,35.122497013636995,37.03569221496582,0.0108790814025862,0.0015576985
2019-05-23 00:00:00-04:00,EEM,34.44317626953125,-0.0128617760583991,34.96961866106306,36.90307439168294,0.0109222584290273,0.0037433505
2019-05-24 00:00:00-04:00,EEM,34.47769927978516,0.0010023178461753,34.81180953979492,36.78541564941406,0.0108660441993416,0.0039042998
2019-05-28 00:00:00-04:00,EEM,34.59851837158203,0.0035042678113881,34.69591794695173,36.66257883707682,0.010762482239482,0.0024226708
2019-05-29 00:00:00-04:00,EEM,34.822906494140625,0.0064854835732763,34.70331627982004,36.5538382212321,0.0109024386643783,0.002761555
2019-05-30 00:00:00-04:00,EEM,35.01277160644531,0.0054523051468042,34.758796146937776,36.44193331400553,0.0108419136372944,0.002577899
2019-05-31 00:00:00-04:00,EEM,35.13359069824219,0.0034507148749867,34.768658774239675,36.33031590779623,0.0108522423116955,0.0025438732
2019-06-03 00:00:00-04:00,EEM,35.45290756225586,0.0090886487167292,34.84879575456892,36.23020528157552,0.0110677686454745,0.0025577256
2019-06-04 00:00:00-04:00,EEM,35.53058242797852,0.0021909307603689,35.00413949148996,36.14102643330892,0.0110770751693938,0.0022221515
2019-06-05 00:00:00-04:00,EEM,35.245792388916016,-0.0080153495834126,35.11386707850865,36.0394780476888,0.0110882617779163,0.0023130644
2019-06-06 00:00:00-04:00,EEM,35.2630500793457,0.0004896383159516,35.20880017961775,35.95576489766439,0.0109103447590799,0.0021931464
2019-06-07 00:00:00-04:00,EEM,35.539215087890625,0.0078315689630794,35.311129978724885,35.88298352559408,0.0110636937913481,0.0018758066
2019-06-10 00:00:00-04:00,EEM,35.91030502319336,0.0104417031829489,35.439349038260325,35.817681376139326,0.0112456325059844,0.0015860284
2019-06-11 00:00:00-04:00,EEM,36.3159408569336,0.0112958058551231,35.60825620378767,35.76331125895182,0.0114764690621177,0.0015957756
2019-06-12 00:00:00-04:00,EEM,35.92757034301758,-0.0106942159490237,35.676065172467915,35.69714622497558,0.0116004415187249,0.0015636301
2019-06-13 00:00:00-04:00,EEM,35.86716079711914,-0.001681425861022,35.72414779663086,35.63846092224121,0.0115488765093452,0.0012603011
2019-06-14 00:00:00-04:00,EEM,35.47016143798828,-0.0110686028753841,35.7562005179269,35.56366539001465,0.0116534812074941,0.0018018316
2019-06-17 00:00:00-04:00,EEM,35.61018371582031,0.0039476075708544,35.80579103742327,35.47857831319173,0.0114149890299751,0.0021464229
2019-06-18 00:00:00-04:00,EEM,36.4710807800293,0.024175586149153,35.93891470772879,35.44836629231771,0.0118519399487915,0.0013839826
2019-06-19 00:00:00-04:00,EEM,36.77544021606445,0.0083452266707109,36.06250544956752,35.452751541137694,0.0114076785319483,-0.0001410367
2019-06-20 00:00:00-04:00,EEM,37.31459045410156,0.0146606059606486,36.205169677734375,35.47683436075847,0.0117037721946157,0.0010659238
2019-06-21 00:00:00-04:00,EEM,37.192848205566406,-0.0032625910415633,36.38592365809849,35.51613349914551,0.0113107338697336,0.0015985249
2019-06-24 00:00:00-04:00,EEM,37.14067840576172,-0.0014026836427353,36.56785474504744,35.546501795450844,0.0112818255121777,0.0010430058
2019-06-25 00:00:00-04:00,EEM,36.758060455322266,-0.0103018568013043,36.75184031895229,35.60439033508301,0.0095164892962831,0.001707702
2019-06-26 00:00:00-04:00,EEM,37.10588836669922,0.0094626296128905,36.96551241193499,35.65747578938802,0.0093460083716108,0.0016085496
2019-06-27 00:00:00-04:00,EEM,37.36677169799805,0.0070307798245023,37.0934682573591,35.71695607503255,0.0094002246730865,0.0015171515
2019-06-28 00:00:00-04:00,EEM,37.31459045410156,-0.0013964611210788,37.17048971993582,35.780450439453126,0.0093384855864689,0.001561177
2019-07-01 00:00:00-04:00,EEM,37.75809097290039,0.0118854451677381,37.233846936907085,35.88001619974772,0.0087257383472127,0.001630568
2019-07-02 00:00:00-04:00,EEM,37.66242980957031,-0.0025335275397989,37.30093002319336,35.98128344217936,0.0086843927769748,0.002326618
2019-07-03 00:00:00-04:00,EEM,37.59286117553711,-0.0018471626601086,37.3655275617327,36.06556040445964,0.0085191496949865,0.002098023
2019-07-05 00:00:00-04:00,EEM,37.33198547363281,-0.0069395011112922,37.447516850062776,36.14689496358236,0.0085862884282832,0.0026964797
2019-07-08 00:00:00-04:00,EEM,37.10588836669922,-0.0060563911633707,37.447516850062776,36.23565203348796,0.0082556811972425,0.002486541
2019-07-09 00:00:00-04:00,EEM,36.99284744262695,-0.0030464416578613,37.39409909929548,36.31949030558268,0.0083141997278278,0.0025046915
2019-07-10 00:00:00-04:00,EEM,37.30590438842773,0.0084626344670089,37.39285823277065,36.409736506144206,0.0083862282260943,0.0023297044
2019-07-11 00:00:00-04:00,EEM,37.236328125,-0.0018650201507863,37.31832068307059,36.49018389383952,0.0083896255303555,0.0016877521
2019-07-12 00:00:00-04:00,EEM,37.26241683959961,0.0007006253278258,37.26117597307478,36.565172068278,0.0083723109428417,0.0021138098
2019-07-15 00:00:00-04:00,EEM,37.40155029296875,0.003733881620402,37.23384584699358,36.64077072143554,0.0083740321191415,0.002459365
2019-07-16 00:00:00-04:00,EEM,37.3493766784668,-0.0013949586071505,37.23633030482701,36.70398635864258,0.008291582280818,0.002567282
2019-07-17 00:00:00-04:00,EEM,37.236328125,-0.0030267855455797,37.25496455601284,36.7608445485433,0.0083370819170026,0.0027136607
2019-07-18 00:00:00-04:00,EEM,37.462432861328125,0.0060721544715447,37.32204818725586,36.83473256429036,0.0081720636307586,0.0027423492
2019-07-19 00:00:00-04:00,EEM,37.2711181640625,-0.0051068412447691,37.31707872663225,36.90166816711426,0.0082725784851819,0.0024287608
2019-07-22 00:00:00-04:00,EEM,37.2798080444336,0.0002331531974126,37.323290143694194,36.95968793233236,0.0082001020313861,0.0025236215
2019-07-23 00:00:00-04:00,EEM,37.32329177856445,0.001166415183228,37.33198656354632,37.00678749084473,0.008029390500248,0.0025748936
2019-07-24 00:00:00-04:00,EEM,37.38416290283203,0.0016309152104996,37.329502650669646,37.04239489237467,0.0078060433861183,0.002548148
2019-07-25 00:00:00-04:00,EEM,37.0537109375,-0.0088393570879448,37.28726468767439,37.07993291219076,0.0077170950155035,0.0026804553
2019-07-26 00:00:00-04:00,EEM,37.13198471069336,0.0021124408652453,37.27235848563058,37.12209370930989,0.0077017266585149,0.0028777793
2019-07-29 00:00:00-04:00,EEM,37.06241226196289,-0.0018736528432974,37.21521268572126,37.17516873677572,0.0073732476179512,0.0025635688
2019-07-30 00:00:00-04:00,EEM,36.77544021606445,-0.0077429403102549,37.14440155029297,37.21401062011719,0.0075458399022015,0.0028751781
2019-07-31 00:00:00-04:00,EEM,36.32324600219727,-0.0122960924793946,37.00774982997349,37.20908279418946,0.0065757464003387,0.003069519
2019-08-01 00:00:00-04:00,EEM,35.61018371582031,-0.0196310177326615,36.76302010672433,37.17024091084798,0.0072806086212852,0.0034175692
2019-08-02 00:00:00-04:00,EEM,35.26233673095703,-0.009768188438431,36.45990208217076,37.10183245340984,0.0068144016591027,0.004283224
2019-08-05 00:00:00-04:00,EEM,33.95793533325195,-0.0369913488053086,36.01764842442104,36.99400202433268,0.0093603688258159,0.003464562
2019-08-06 00:00:00-04:00,EEM,34.44491195678711,0.0143405839829815,35.63378088814871,36.90414314270019,0.0098791127410845,0.008814319
2019-08-07 00:00:00-04:00,EEM,34.601444244384766,0.0045444240877734,35.2822140284947,36.83225593566895,0.0098445766256943,-0.001985915
2019-08-08 00:00:00-04:00,EEM,35.027549743652344,0.0123146738112449,35.032515389578684,36.76297798156738,0.0099716975958698,0.0032950286
2019-08-09 00:00:00-04:00,EEM,34.67100524902344,-0.0101789733292297,34.79648099626814,36.673119099934894,0.0099369024001938,0.00293535
2019-08-12 00:00:00-04:00,EEM,34.25359344482422,-0.0120392183959239,34.602682386125835,36.57108586629232,0.0100870381731285,0.0044341264
2019-08-13 00:00:00-04:00,EEM,34.68840408325195,0.0126938693053657,34.52069200788225,36.46876296997071,0.0101286154231894,0.004201277
2019-08-14 00:00:00-04:00,EEM,33.68836212158203,-0.0288292871378523,34.482181549072266,36.33629404703776,0.0111894850384207,0.0017394973
2019-08-15 00:00:00-04:00,EEM,33.91445541381836,0.00671131744014,34.40640204293387,36.213680521647134,0.0113450265292838,0.004934321
2019-08-16 00:00:00-04:00,EEM,34.3840446472168,0.0138462855342533,34.375344957624165,36.11541582743327,0.0117467118314396,0.00093061104
2019-08-19 00:00:00-04:00,EEM,34.52317810058594,0.004046453952601,34.30329186575754,36.02932548522949,0.0117910374664998,0.0015807748
2019-08-20 00:00:00-04:00,EEM,34.592742919921875,0.0020150178275375,34.29211153302874,35.94932200113932,0.011816675692767,0.0029229242
2019-08-21 00:00:00-04:00,EEM,34.923194885253906,0.0095526384275739,34.38776888166155,35.869898351033534,0.0118521035275701,0.0025478676
2019-08-22 00:00:00-04:00,EEM,34.47099685668945,-0.0129483579623864,34.356710706438335,35.777720642089854,0.0120152107448697,0.0017382316
2019-08-23 00:00:00-04:00,EEM,33.95793533325195,-0.0148838609330189,34.39522116524832,35.66757125854493,0.0122074923538653,0.0022035176
2019-08-26 00:00:00-04:00,EEM,34.14055252075195,0.0053777470776081,34.427520751953125,35.55887133280437,0.0122424831802773,0.0025876965
2019-08-27 00:00:00-04:00,EEM,34.20142364501953,0.0017829566241078,34.40143203735352,35.45393956502279,0.0122702369671208,0.001074791
2019-08-28 00:00:00-04:00,EEM,34.29707717895508,0.0027967705358802,34.369131905691965,35.35596453348796,0.0123134499890623,0.0020577405
2019-08-29 00:00:00-04:00,EEM,34.67970275878906,0.0111562153776989,34.38155473981585,35.26320686340332,0.012471784868409,0.0018770741
2019-08-30 00:00:00-04:00,EEM,34.94929122924805,0.0077736672754689,34.385282788957866,35.18581263224284,0.0125997728179991,0.0011682697
2019-09-03 00:00:00-04:00,EEM,34.731876373291016,-0.0062208659549319,34.42255129132952,35.100881576538086,0.0126142847538362,0.0014763828
2019-09-04 00:00:00-04:00,EEM,35.31451416015625,0.0167753040637126,34.61634826660156,35.033922322591145,0.013074812311176,0.001486076
2019-09-05 00:00:00-04:00,EEM,35.71452713012695,0.0113271548394122,34.84120178222656,34.97826779683431,0.0132797408947506,0.00026691984
2019-09-06 00:00:00-04:00,EEM,35.87105941772461,0.0043828744260654,35.07972117832729,34.938846079508465,0.0132449238279036,0.00059513
2019-09-09 00:00:00-04:00,EEM,35.98410415649414,0.0031514190159009,35.32072503226144,34.90058339436849,0.0132546843567597,0.00046916958
2019-09-10 00:00:00-04:00,EEM,36.010196685791016,0.0007251126548377,35.51079559326172,34.865509541829425,0.0132570024286411,0.00027195644
2019-09-11 00:00:00-04:00,EEM,36.26237869262695,0.0070030721863689,35.69837951660156,34.84840749104818,0.0132669004636245,0.0001764968
2019-09-12 00:00:00-04:00,EEM,36.52326202392578,0.0071943248265693,35.954291752406526,34.85507469177246,0.0131399809538046,0.00013942458
2019-09-13 00:00:00-04:00,EEM,36.731971740722656,0.0057144325350828,36.156785692487446,34.89246762593587,0.0126210361418679,-0.000114544295
2019-09-16 00:00:00-04:00,EEM,36.44498825073242,-0.0078129072954739,36.261137281145366,34.93188934326172,0.0125678479595763,-7.664878e-05
2019-09-17 00:00:00-04:00,EEM,36.44498825073242,0.0,36.3431271144322,35.014791107177736,0.0103048287974911,-0.0001871204
2019-09-18 00:00:00-04:00,EEM,36.29716873168945,-0.0040559628672673,36.38785062517439,35.07653299967448,0.0101160505734128,0.000849233
2019-09-19 00:00:00-04:00,EEM,36.14933395385742,-0.0040729010828595,36.4077273777553,35.12812932332357,0.0101576124641398,0.0013179379
2019-09-20 00:00:00-04:00,EEM,36.18410873413086,0.0009619756844712,36.396545955113005,35.16668128967285,0.0099505641670818,0.0016916664
2019-09-23 00:00:00-04:00,EEM,36.21890258789063,0.0009615782998948,36.35306603567941,35.21827786763509,0.0097190927396895,0.0017570201
2019-09-24 00:00:00-04:00,EEM,35.836273193359375,-0.0105643563772466,36.2251091003418,35.27103385925293,0.0096517273109046,0.0018969867
2019-09-25 00:00:00-04:00,EEM,35.81018829345703,-0.0007278909768769,36.1344233921596,35.30842666625976,0.0094258864689626,0.002261822
2019-09-26 00:00:00-04:00,EEM,35.801490783691406,-0.000242878079678,36.04249518258231,35.37886428833008,0.0075546462835265,0.0023768833
2019-09-27 00:00:00-04:00,EEM,35.340599060058594,-0.0128735344127838,35.90584237234933,35.42640240987142,0.0079732347604986,0.002810455
2019-09-30 00:00:00-04:00,EEM,35.540611267089844,0.0056595590440147,35.81888198852539,35.46495463053385,0.0076669435094093,0.0032003364
2019-10-01 00:00:00-04:00,EEM,35.28843307495117,-0.0070954939475726,35.69092832292829,35.49046312967936,0.0077897684486799,0.002629606
2019-10-02 00:00:00-04:00,EEM,35.01884841918945,-0.0076394623470282,35.51949201311384,35.50466664632162,0.0079342371582618,0.0033404827
2019-10-03 00:00:00-04:00,EEM,35.47104263305664,0.012912880756507,35.46731621878488,35.52292823791504,0.0080895355878792,0.0035224818
2019-10-04 00:00:00-04:00,EEM,35.627567291259766,0.0044127447795192,35.44122750418527,35.56148058573405,0.0077022694779878,0.0023319144
2019-10-07 00:00:00-04:00,EEM,35.331905364990234,-0.008298684101905,35.37414387294224,35.60727958679199,0.0073142361837794,0.0034428248
2019-10-08 00:00:00-04:00,EEM,35.0797233581543,-0.0071375150655141,35.336875915527344,35.63858528137207,0.0074324736176422,0.0036328686
2019-10-09 00:00:00-04:00,EEM,35.34928894042969,0.0076843702421254,35.309544154575896,35.67684745788574,0.0075331951387046,0.0036153113
2019-10-10 00:00:00-04:00,EEM,35.71452713012695,0.0103322641174696,35.37041473388672,35.72409578959147,0.0077141991940069,0.003101334
2019-10-11 00:00:00-04:00,EEM,36.28846740722656,0.0160702191298358,35.55178887503488,35.77772127787272,0.0079766574688086,0.0034414688
2019-10-14 00:00:00-04:00,EEM,36.13193893432617,-0.0043134495360148,35.6462026323591,35.81714286804199,0.0079563467812326,0.0035965191
2019-10-15 00:00:00-04:00,EEM,36.45369338989258,0.0089049872510642,35.764220646449495,35.87453676859538,0.007953036657882,0.0033064662
2019-10-16 00:00:00-04:00,EEM,36.558048248291016,0.0028626690108544,35.93938391549246,35.91598790486653,0.0074286666504859,0.003849429
2019-10-17 00:00:00-04:00,EEM,36.69718551635742,0.0038059271414443,36.17044993809292,35.948743184407554,0.0071977630865846,0.0040338775
2019-10-18 00:00:00-04:00,EEM,36.50586700439453,-0.0052134382860945,36.335675375802175,35.96990343729655,0.0072520610633676,0.0040192874
2019-10-21 00:00:00-04:00,EEM,36.83631896972656,0.0090520234813831,36.49593135288784,35.99831059773763,0.0074018266948838,0.0034802174
2019-10-22 00:00:00-04:00,EEM,36.862403869628906,0.0007081299280686,36.57792227608817,36.02671750386556,0.0074018338221117,0.0033165393
2019-10-23 00:00:00-04:00,EEM,36.8711051940918,0.0002360487529153,36.68351745605469,36.04700838724772,0.0073090110107976,0.0033486048
2019-10-24 00:00:00-04:00,EEM,36.8711051940918,0.0,36.74314771379744,36.05860315958659,0.0072017760122859,0.0033905013
2019-10-25 00:00:00-04:00,EEM,37.13198471069336,0.0070754460770372,36.82513863699777,36.07193692525228,0.0072409726782686,0.0033710925
2019-10-28 00:00:00-04:00,EEM,37.3493766784668,0.0058545744179097,36.9183088030134,36.10208320617676,0.0071365117022153,0.0033531683
2019-10-29 00:00:00-04:00,EEM,37.15806198120117,-0.0051222996012119,37.01147951398577,36.12585233052572,0.0072181605943117,0.0035271347
2019-10-30 00:00:00-04:00,EEM,37.32329177856445,0.0044466742492348,37.08104705810547,36.16005643208822,0.0071930303182383,0.00319474
2019-10-31 00:00:00-04:00,EEM,37.027626037597656,-0.0079217487760981,37.10465022495815,36.18933283487956,0.007319015005519,0.0034119366
2019-11-01 00:00:00-04:00,EEM,37.58417892456055,0.0150307472155457,37.2065179007394,36.236001841227214,0.007765128720136,0.003094186
2019-11-04 00:00:00-05:00,EEM,37.958106994628906,0.009949081788348,37.3618038722447,36.29397532145183,0.007923563514791,0.0025775256
2019-11-05 00:00:00-05:00,EEM,38.17550277709961,0.0057272556426868,37.5108778817313,36.37194964090983,0.0076136988246913,0.0028614523
2019-11-06 00:00:00-05:00,EEM,38.05376434326172,-0.0031889150104637,37.61150469098772,36.44673550923665,0.0076587668011144,0.0033159023
2019-11-07 00:00:00-05:00,EEM,38.33203125,0.0073124672825581,37.779214586530415,36.5310868581136,0.0077046522138487,0.0031404402
2019-11-08 00:00:00-05:00,EEM,37.98419570922852,-0.0090742788584019,37.87362943376814,36.61920674641927,0.0074742917676749,0.0034214975
2019-11-11 00:00:00-05:00,EEM,37.71461486816406,-0.0070971843955344,37.97177069527762,36.691673533121744,0.0076453991565505,0.0026663942
2019-11-12 00:00:00-05:00,EEM,37.47112274169922,-0.0064561742792813,37.95561981201172,36.76442985534668,0.0076199945772284,0.0028054928
2019-11-13 00:00:00-05:00,EEM,37.18415069580078,-0.0076584853855762,37.84505462646485,36.83660659790039,0.0076208277624365,0.002525407
2019-11-14 00:00:00-05:00,EEM,37.210243225097656,0.0007017110464706,37.70716040475028,36.89457995096843,0.0073404578274294,0.0024297526
2019-11-15 00:00:00-05:00,EEM,37.50591278076172,0.00794591838262,37.62889589582171,36.95719146728516,0.007414731285104,0.0020266827
2019-11-18 00:00:00-05:00,EEM,37.44503784179688,-0.0016230757886277,37.50218255179269,37.02762921651205,0.007200120784564,0.0018290877
2019-11-19 00:00:00-05:00,EEM,37.52329254150391,0.0020898550039567,37.43633924211775,37.1090815226237,0.0069920313819272,0.002651372
2019-11-20 00:00:00-05:00,EEM,37.35807800292969,-0.0044029861822888,37.38540540422712,37.17604115804036,0.0070175321402612,0.0030917954
2019-11-21 00:00:00-05:00,EEM,37.2798080444336,-0.0020951280868879,37.35807473318918,37.228217188517256,0.0068657987367986,0.0032867473
2019-11-22 00:00:00-05:00,EEM,37.2798080444336,0.0,37.37174006870815,37.26126187642415,0.0062887256707951,0.0033257324
2019-11-25 00:00:00-05:00,EEM,37.65374374389648,0.0100305156887392,37.43509728567941,37.31198870340983,0.0064211640929568,0.0032654172
2019-11-26 00:00:00-05:00,EEM,37.54069137573242,-0.0030024203949807,37.44006565638951,37.348221969604495,0.0063080254129387,0.0029413654
2019-11-27 00:00:00-05:00,EEM,37.58417892456055,0.001158410973119,37.459942953927175,37.38242632548015,0.0062983304232496,0.0033656033
2019-11-29 00:00:00-05:00,EEM,36.99284744262695,-0.0157335213606907,37.38416508265904,37.392281723022464,0.0069668077262333,0.0035553155
2019-12-02 00:00:00-05:00,EEM,36.98414611816406,-0.0002352164016675,37.33074624197824,37.40822436014811,0.0068900431017,0.0035077436
2019-12-03 00:00:00-05:00,EEM,36.79284286499024,-0.0051725745556652,37.26117978777204,37.4067751566569,0.0067664963792,0.002885419
2019-12-04 00:00:00-05:00,EEM,37.07111358642578,0.0075631753288714,37.231366293770925,37.4137321472168,0.0069061413411903,0.0031423224
2019-12-05 00:00:00-05:00,EEM,37.236328125,0.0044566920869275,37.17173549107143,37.42590624491374,0.0069495177774109,0.0022782264
2019-12-06 00:00:00-05:00,EEM,37.45372772216797,0.0058383736559139,37.15931211199079,37.44532699584961,0.0070207055153065,0.0029684892
2019-12-09 00:00:00-05:00,EEM,37.30590438842773,-0.0039468256627697,37.11955860682896,37.45112431844076,0.0069553586804478,0.0033783214
2019-12-10 00:00:00-05:00,EEM,37.43634033203125,0.003496388728321,37.18291473388672,37.454023106892905,0.0069021278524542,0.0037657442
2019-12-11 00:00:00-05:00,EEM,37.98419570922852,0.0146343198170073,37.32577896118164,37.48156089782715,0.0073166868650562,0.0036744094
2019-12-12 00:00:00-05:00,EEM,38.64508819580078,0.0173991438868794,37.59038543701172,37.525620778401695,0.0079006413753755,0.0033357544
2019-12-13 00:00:00-05:00,EEM,38.62769317626953,-0.0004501223918319,37.81275394984654,37.57895634969076,0.0077191574789981,0.0035904618
2019-12-16 00:00:00-05:00,EEM,38.95543670654297,0.008484677787458,38.058340890066965,37.6246649424235,0.007407977611333,0.0034353388
2019-12-17 00:00:00-05:00,EEM,39.31069946289063,0.0091197220820269,38.32362256731306,37.66975135803223,0.0073757629009345,0.0042185253
2019-12-18 00:00:00-05:00,EEM,39.523868560791016,0.0054226737456457,38.64047459193638,37.71469688415527,0.0073695147695935,0.004095123
2019-12-19 00:00:00-05:00,EEM,39.54163360595703,0.0004494763749831,38.94123077392578,37.76429252624512,0.007324873215222,0.003721428
2019-12-20 00:00:00-05:00,EEM,39.62156677246094,0.0020214937829949,39.17514092581613,37.80727704366048,0.0072384313513131,0.0031411024
2019-12-23 00:00:00-05:00,EEM,39.67485046386719,0.0013448153555422,39.32224982125418,37.86363220214844,0.0069772453794246,0.0028748726
2019-12-24 00:00:00-05:00,EEM,39.586036682128906,-0.0022385410581236,39.45915603637695,37.9260129292806,0.0068261336096617,0.0026167175
2019-12-26 00:00:00-05:00,EEM,39.87025451660156,0.0071797496868628,39.58984429495676,38.00598398844401,0.0067217665033327,0.0022459282
2019-12-27 00:00:00-05:00,EEM,40.03012466430664,0.0040097598985355,39.69261932373047,38.1008497873942,0.0064709845907682,0.002149243
2019-12-30 00:00:00-05:00,EEM,39.763671875,-0.0066563067575011,39.72687694004604,38.185964075724286,0.0066769379345623,0.0020910138
2019-12-31 00:00:00-05:00,EEM,39.85248565673828,0.002233540755931,39.77128437587193,38.26418317159017,0.0065893745460341,0.0018665493
2020-01-02 00:00:00-05:00,EEM,40.66072845458984,0.0202808629005779,39.91973604474749,38.37137285868327,0.0073396348491843,0.0021826187
2020-01-03 00:00:00-05:00,EEM,39.9057846069336,-0.0185669041443603,39.95272663661412,38.450789260864255,0.0083109033716343,0.0014489349
2020-01-06 00:00:00-05:00,EEM,39.808082580566406,-0.0024483173888083,39.98444747924805,38.53245608011881,0.0082658049865299,-0.0002506962
2020-01-07 00:00:00-05:00,EEM,39.78144073486328,-0.0006692571954252,39.97175979614258,38.61584383646648,0.0082446102607527,0.0018693516
2020-01-08 00:00:00-05:00,EEM,40.01236343383789,0.0058047847113851,39.96922247750418,38.70692901611328,0.0082592981583821,0.0013745762
2020-01-09 00:00:00-05:00,EEM,40.27880859375,0.0066590707732796,40.04281343732561,38.79443117777507,0.0081743019859266,0.0009290548
2020-01-10 00:00:00-05:00,EEM,40.491981506347656,0.0052924334169788,40.13416998726981,38.89280751546224,0.0081295840101951,0.0008840179
2020-01-13 00:00:00-05:00,EEM,41.12258529663086,0.0155735473252733,40.20014953613281,39.01075439453125,0.0084631875094801,0.0010897694
2020-01-14 00:00:00-05:00,EEM,40.89165878295898,-0.0056155640995363,40.34098870413644,39.14071477254232,0.007870148017086,0.0015310673
2020-01-15 00:00:00-05:00,EEM,40.57190704345703,-0.0078194856608555,40.45010648454939,39.26030680338542,0.0081083413007158,0.0011021364
2020-01-16 00:00:00-05:00,EEM,40.82949066162109,0.0063488171233399,40.59982790265765,39.39486172993978,0.0079736255217122,0.0018558986
2020-01-17 00:00:00-05:00,EEM,41.06040954589844,0.0056556885852707,40.74954877580915,39.5278382619222,0.0079477267257826,0.001316295
2020-01-21 00:00:00-05:00,EEM,40.021244049072266,-0.025308210714863,40.71275384085519,39.62066879272461,0.0095193209761099,0.00071093533
2020-01-22 00:00:00-05:00,EEM,40.34987258911133,0.0082113524416209,40.692452566964285,39.717206954956055,0.0095582179362001,0.00010108668
2020-01-23 00:00:00-05:00,EEM,39.93242263793945,-0.0103457563651521,40.52242933000837,39.80475756327312,0.009776640906842,-0.0007276712
2020-01-24 00:00:00-05:00,EEM,39.61268615722656,-0.008006939213578,40.33971895490374,39.87730242411296,0.0099527776047745,0.0004096208
2020-01-27 00:00:00-05:00,EEM,38.24488830566406,-0.0345292880703312,40.0072877066476,39.88599217732747,0.011686001684367,0.001265551
2020-01-28 00:00:00-05:00,EEM,38.56463623046875,0.0083605401655031,39.68373707362584,39.88331044514974,0.0113412377398318,0.005155972
2020-01-29 00:00:00-05:00,EEM,38.75115585327149,0.0048365456292149,39.35384368896485,39.88742586771647,0.011375132509544,-0.001556308
2020-01-30 00:00:00-05:00,EEM,38.17383575439453,-0.0148981388081156,39.0899282182966,39.861372502644855,0.0115848918770843,0.0005893959
2020-01-31 00:00:00-05:00,EEM,37.401126861572266,-0.0202418456922635,38.66867882864816,39.79772008260091,0.0119684805363566,0.003501202
2020-02-03 00:00:00-05:00,EEM,37.81856536865234,0.0111611211241062,38.36669921875,39.74087664286296,0.0121291776600995,0.0055900803
2020-02-04 00:00:00-05:00,EEM,38.79556274414063,0.0258338032118512,38.24996730259487,39.71600761413574,0.0131083527947319,0.00024569128
2020-02-05 00:00:00-05:00,EEM,39.01760482788086,0.0057233886567031,38.36035537719727,39.695875549316405,0.0131507617983789,-0.00078796037
2020-02-06 00:00:00-05:00,EEM,39.05313491821289,0.0009106168994423,38.430140904017854,39.6751516977946,0.0131489824302046,0.0021696342
2020-02-07 00:00:00-05:00,EEM,38.5113410949707,-0.0138732479319992,38.39588165283203,39.63932851155599,0.0133734530518106,0.00268362
2020-02-10 00:00:00-05:00,EEM,38.72450637817383,0.0055351300978443,38.474548884800505,39.60113690694173,0.0133428224052215,0.0029684426
2020-02-11 00:00:00-05:00,EEM,39.230770111083984,0.0130734715625839,38.735926491873606,39.57449175516764,0.0135583505526832,0.0016010692
2020-02-12 00:00:00-05:00,EEM,39.763671875,0.0135837701479495,39.01379884992327,39.57449175516764,0.0137479613880907,0.00016687717
2020-02-13 00:00:00-05:00,EEM,39.23965072631836,-0.013178389317992,39.077239990234375,39.554063924153645,0.0139516179812836,-0.00031176116
2020-02-14 00:00:00-05:00,EEM,39.257415771484375,0.0004527319901475,39.11149869646345,39.5072868347168,0.0133956219149298,-0.00023831334
2020-02-18 00:00:00-05:00,EEM,38.99984359741211,-0.0065611087487669,39.103885650634766,39.47708880106608,0.0130296103952687,0.000674461
2020-02-19 00:00:00-05:00,EEM,39.2840576171875,0.0072875681941004,39.21427372523716,39.459621302286784,0.0131051429529237,0.0009662332
2020-02-20 00:00:00-05:00,EEM,38.67121887207031,-0.0156001895498967,39.206661224365234,39.42261390686035,0.0133976219144415,-0.00020248909
2020-02-21 00:00:00-05:00,EEM,38.44917678833008,-0.0057417917049571,39.09500503540039,39.37050768534343,0.0133654953281534,0.00064751226
2020-02-24 00:00:00-05:00,EEM,37.01032638549805,-0.0374221380799171,38.70166996547154,39.261558278401694,0.0148118984070599,0.0010375762
2020-02-25 00:00:00-05:00,EEM,36.71723175048828,-0.0079192664219414,38.34132439749582,39.13573328653971,0.0147620850939724,0.0061789555
2020-02-26 00:00:00-05:00,EEM,37.01032638549805,0.0079824818221996,38.0203116280692,38.99865798950195,0.0144926722709811,0.0034455117
2020-02-27 00:00:00-05:00,EEM,36.12215042114258,-0.023998058139349,37.60921260288784,38.839674377441405,0.0149701639852499,0.0004887609
2020-02-28 00:00:00-05:00,EEM,35.988922119140625,-0.0036882716130868,37.13847896030971,38.68690821329753,0.0149529634565737,0.0062176613
2020-03-02 00:00:00-05:00,EEM,36.7705192565918,0.0217177145473741,36.866950443812776,38.551609166463216,0.0155661411355202,0.003519523
2020-03-03 00:00:00-05:00,EEM,36.52182388305664,-0.0067634446987194,36.591614314488005,38.40032297770183,0.0154828523489997,-0.0013448903
2020-03-04 00:00:00-05:00,EEM,37.17020034790039,0.0177531239107844,36.61445345197405,38.30528818766276,0.0154141245827541,0.0032845968
2020-03-05 00:00:00-05:00,EEM,36.38860321044922,-0.0210275201676528,36.56750651768276,38.17324587504069,0.0156462791477098,8.902419e-05
2020-03-06 00:00:00-05:00,EEM,35.64252853393555,-0.0205029765006047,36.3721068246024,38.03024940490722,0.0159112204952991,0.0019357959
2020-03-09 00:00:00-04:00,EEM,33.20893478393555,-0.0682778088452101,35.955933162144255,37.81679102579753,0.0198073125235837,0.003991957
2020-03-10 00:00:00-04:00,EEM,34.89646911621094,0.0508156718441843,35.79986844744001,37.70517705281576,0.0215694836523737,0.01969133
2020-03-11 00:00:00-04:00,EEM,33.27110290527344,-0.0465768099782464,35.2999518258231,37.52872594197592,0.0228796270641269,-0.021081451
2020-03-12 00:00:00-04:00,EEM,29.940433502197266,-0.1001069730858926,34.35975319998605,37.2350351969401,0.0286687685733122,0.015219421
2020-03-13 00:00:00-04:00,EEM,32.09870529174805,0.0720855223887253,33.63525390625,37.032530848185225,0.0321501443491982,0.050751626
2020-03-16 00:00:00-04:00,EEM,28.093032836914062,-0.1247923372119237,32.450172424316406,36.72226104736328,0.0388081631488155,-0.033827335
2020-03-17 00:00:00-04:00,EEM,30.029260635375977,0.0689219924990698,31.648277010236463,36.46261755625407,0.0411891858081636,0.06530547
2020-03-18 00:00:00-04:00,EEM,27.435779571533203,-0.0863651321733683,30.823540551321848,36.08395811716716,0.0431689958658505,-0.02263495
2020-03-19 00:00:00-04:00,EEM,27.64893913269043,0.0077694005596398,29.78817912510463,35.70500259399414,0.0431972016848145,0.060573343
2020-03-20 00:00:00-04:00,EEM,27.85322380065918,0.0073885174034478,29.014196395874023,35.331672223409015,0.0432722470783229,0.037960444
2020-03-23 00:00:00-04:00,EEM,27.187089920043945,-0.023915862859633,28.62086159842355,34.95419718424479,0.0433398940140915,0.030634288
2020-03-24 00:00:00-04:00,EEM,29.22989845275879,0.0751389184617645,28.21103204999651,34.63771025339762,0.0460141303235946,0.027433071
2020-03-25 00:00:00-04:00,EEM,30.26018714904785,0.0352477685803189,28.520625523158483,34.33869082132976,0.0465440505970714,-0.019508075
2020-03-26 00:00:00-04:00,EEM,31.40593338012696,0.0378631574694394,28.71729305812291,34.060099538167314,0.0471314539236955,-0.009000246
2020-03-27 00:00:00-04:00,EEM,29.62069129943848,-0.0568441020071112,29.02942330496652,33.73946755727132,0.0480035196631912,-0.0149021195
2020-03-30 00:00:00-04:00,EEM,30.109193801879883,0.0164919345569312,29.38088825770787,33.43452682495117,0.0481920378173877,-0.014537965
2020-03-31 00:00:00-04:00,EEM,30.313474655151367,0.0067846669896132,29.732352665492467,33.14498119354248,0.0482640239668442,-0.013033782
2020-04-01 00:00:00-04:00,EEM,29.016733169555664,-0.0427777250990704,29.993730272565568,32.80273704528808,0.0486097818850589,-0.015504886
2020-04-02 00:00:00-04:00,EEM,29.993728637695312,0.0336700710734974,30.102848870413645,32.51348737080892,0.0492035574919418,-0.0156073095
2020-04-03 00:00:00-04:00,EEM,29.425296783447266,-0.018951690238794,29.983578818184988,32.21269137064616,0.04924880950144,-0.020281922
2020-04-06 00:00:00-04:00,EEM,31.032888412475582,0.0546329792647204,29.93028667994908,32.01344343821208,0.0501903735233094,-0.01799826
2020-04-07 00:00:00-04:00,EEM,31.192768096923828,0.005151943393834,30.154869079589844,31.829294649759927,0.0502173670212904,-0.029449344
2020-04-08 00:00:00-04:00,EEM,31.512514114379883,0.0102506458055444,30.355343409946983,31.646034240722656,0.0502380012460636,-0.025847245
2020-04-09 00:00:00-04:00,EEM,31.39703941345215,-0.0036644077495244,30.510138375418528,31.488530540466307,0.0500972131546738,-0.025322203
2020-04-13 00:00:00-04:00,EEM,31.44146156311035,0.0014148515429506,30.85652814592634,31.33694852193197,0.0501049306242677,-0.02707148
2020-04-14 00:00:00-04:00,EEM,32.160884857177734,0.0228813566005299,31.16612189156669,31.1832940419515,0.050125370930354,-0.027863707
2020-04-15 00:00:00-04:00,EEM,31.33487892150879,-0.0256835575058687,31.43891933986119,31.01039587656657,0.0502903732457262,-0.03218205
2020-04-16 00:00:00-04:00,EEM,31.503631591796875,0.0053854578698324,31.50616836547852,30.82151025136312,0.0501577700262143,-0.034366824
2020-04-17 00:00:00-04:00,EEM,32.20528793334961,0.0222722367581087,31.650814056396484,30.68206640879313,0.0502812671163511,-0.029495496
2020-04-20 00:00:00-04:00,EEM,31.79672813415528,-0.0126861091892693,31.69141605922154,30.553873062133796,0.0502066159189523,-0.033755634
2020-04-21 00:00:00-04:00,EEM,30.91743469238281,-0.0276535824083092,31.622901099068777,30.477489725748697,0.0489036320791852,-0.03531148
2020-04-22 00:00:00-04:00,EEM,31.761205673217773,0.0272911057864333,31.66857882908412,30.372980944315596,0.0482247937397789,-0.034370832
2020-04-23 00:00:00-04:00,EEM,31.64574432373047,-0.0036352949152892,31.594987324305944,30.318802324930825,0.0474870655965823,-0.035336573
2020-04-24 00:00:00-04:00,EEM,31.60133171081543,-0.0014034308202931,31.633052008492605,30.374165598551432,0.043612549225514,-0.038206685
2020-04-27 00:00:00-04:00,EEM,32.24081802368164,0.0202360558320189,31.738364355904714,30.378902689615884,0.0417577235598166,-0.042742085
2020-04-28 00:00:00-04:00,EEM,32.30298614501953,0.0019282426795816,31.752321243286133,30.51923446655273,0.0343440249578686,-0.04458901
2020-04-29 00:00:00-04:00,EEM,33.24445343017578,0.029144899512685,31.959139142717635,30.626407559712728,0.0325200197830792,-0.053228494
2020-04-30 00:00:00-04:00,EEM,32.54279708862305,-0.0211059671360349,32.19133377075195,30.796641476949056,0.028163906931959,-0.04584912
2020-05-01 00:00:00-04:00,EEM,31.37040138244629,-0.0360262734326124,32.13550458635603,30.920690218607582,0.029190080007211,-0.049124423
2020-05-04 00:00:00-04:00,EEM,31.707910537719727,0.0107588408308443,32.14438547406878,31.049179776509604,0.0292075530119554,-0.035734776
2020-05-05 00:00:00-04:00,EEM,31.885543823242188,0.0056021756877089,32.18498720441546,31.20579490661621,0.0287017361811851,-0.024061259
2020-05-06 00:00:00-04:00,EEM,31.787841796875,-0.0030641480323747,32.12027631487165,31.291059684753417,0.0255591391740914,-0.018507801
2020-05-07 00:00:00-04:00,EEM,32.0454216003418,0.0081030919026443,32.08348137991769,31.35056749979655,0.0248531797554858,-0.017824456
2020-05-08 00:00:00-04:00,EEM,32.720428466796875,0.0210640657150187,32.00862067086356,31.39438400268555,0.0242029725022475,-0.015265022
2020-05-11 00:00:00-04:00,EEM,32.50727081298828,-0.0065145129143066,32.003545488630024,31.490603319803878,0.0216143047287201,-0.013318942
2020-05-12 00:00:00-04:00,EEM,32.3829231262207,-0.0038252269002507,32.14819145202637,31.5663942972819,0.021505705150469,-0.012797945
2020-05-13 00:00:00-04:00,EEM,32.32074737548828,-0.0019200166238877,32.23573957170759,31.6333033879598,0.0215067559527232,-0.009994698
2020-05-14 00:00:00-04:00,EEM,32.44509506225586,0.0038473023325531,32.31567546299526,31.747582117716476,0.0197447280244131,-0.0076427097
2020-05-15 00:00:00-04:00,EEM,32.001007080078125,-0.0136873688095416,32.34612764630999,31.81449139912923,0.0191686320331181,-0.00669662
2020-05-18 00:00:00-04:00,EEM,33.25333786010742,0.0391341052766092,32.51868711199079,31.94209276835124,0.0198649579763378,-0.0054792007
2020-05-19 00:00:00-04:00,EEM,32.98688125610352,-0.0080129280592777,32.55675179617746,32.007225863138835,0.0175460423233921,-0.007948545
2020-05-20 00:00:00-04:00,EEM,33.422088623046875,0.0131933468812794,32.68744005475725,32.08153654734294,0.0176540040620579,-0.0050034868
2020-05-21 00:00:00-04:00,EEM,33.04016876220703,-0.0114271691738763,32.781332288469585,32.13245836893718,0.0177671665437206,-0.0030668164
2020-05-22 00:00:00-04:00,EEM,32.35627746582031,-0.0206987833902648,32.78640801565988,32.16443297068278,0.0182121841515272,-0.003013161
2020-05-26 00:00:00-04:00,EEM,33.06681823730469,0.0219599047583567,32.87522561209543,32.21861152648926,0.0186040156569351,-0.0012699431
2020-05-27 00:00:00-04:00,EEM,33.17340087890625,0.0032232505963127,33.04271044049944,32.25236206054687,0.0181789986487536,-0.0030532638
2020-05-28 00:00:00-04:00,EEM,32.942481994628906,-0.0069609650551136,32.9983024597168,32.30594882965088,0.0175344438647964,-0.0014284914
2020-05-29 00:00:00-04:00,EEM,33.51091003417969,0.0172551673442049,33.07316371372768,32.37285811106364,0.0177503200322462,-0.0016732281
2020-06-01 00:00:00-04:00,EEM,34.28361892700195,0.0230584275996723,33.19623947143555,32.44213581085205,0.0177815093225482,-0.0025135437
2020-06-02 00:00:00-04:00,EEM,35.10074234008789,0.0238342228346952,33.49060712541853,32.55226961771647,0.0179735409981561,-0.002682873
2020-06-03 00:00:00-04:00,EEM,35.917869567871094,0.0232794856549223,33.999405997140066,32.718950780232746,0.0173275006090756,-0.0030565755
2020-06-04 00:00:00-04:00,EEM,35.41160583496094,-0.014095037901775,34.3343756539481,32.840630785624185,0.0171508905063546,-0.0034181075
2020-06-05 00:00:00-04:00,EEM,36.34419250488281,0.0263356221197164,34.78734588623047,32.99724572499593,0.0175720926017743,-0.0060526887
2020-06-08 00:00:00-04:00,EEM,36.56623840332031,0.0061095290095567,35.30502537318638,33.162742614746094,0.0175345157430066,-0.0037948648
2020-06-09 00:00:00-04:00,EEM,36.31755065917969,-0.0068010206955836,35.70597403390067,33.29863370259603,0.0174201553396689,-0.0045489864
2020-06-10 00:00:00-04:00,EEM,36.58399963378906,0.0073366449491556,36.03459984915597,33.44133415222168,0.0174246429349193,-0.0044335043
2020-06-11 00:00:00-04:00,EEM,34.67442321777344,-0.0521970379163228,35.97369711739676,33.48899981180827,0.0196166441012019,-0.003550929
2020-06-12 00:00:00-04:00,EEM,35.41160583496094,0.0212601263057097,35.90137372698103,33.58462677001953,0.0194505390345902,-0.002510571
2020-06-15 00:00:00-04:00,EEM,35.09000778198242,-0.0090817133365076,35.8554311479841,33.70861365000407,0.0181657823901656,-0.0050731758
2020-06-16 00:00:00-04:00,EEM,35.31333923339844,0.0063645312592575,35.7081663949149,33.82879460652669,0.0181262628312126,-0.0014468487
2020-06-17 00:00:00-04:00,EEM,35.65280532836914,0.0096129706886978,35.57767595563616,33.954369990030926,0.0181551185577083,-0.0019338438
2020-06-18 00:00:00-04:00,EEM,35.67066955566406,0.0005010609159752,35.485264369419646,34.08379758199056,0.0181196654147489,-0.0029526828
2020-06-19 00:00:00-04:00,EEM,35.661739349365234,-0.0002503515187707,35.35351290021624,34.20434150695801,0.0181187556803871,-0.0032524457
2020-06-22 00:00:00-04:00,EEM,36.0994758605957,0.012274682032251,35.55709184919085,34.31697642008464,0.017898521587134,-0.0029746452
2020-06-23 00:00:00-04:00,EEM,36.447872161865234,0.0096510071950883,35.70512989589146,34.448329798380534,0.0178318076305225,-0.003979779
2020-06-24 00:00:00-04:00,EEM,35.96547317504883,-0.0132353127412779,35.830196380615234,34.567748133341475,0.0180551283347917,-0.0043903487
2020-06-25 00:00:00-04:00,EEM,36.11734008789063,0.0042225751376228,35.94505364554269,34.694301223754884,0.0180244453057438,-0.0045723384
2020-06-26 00:00:00-04:00,EEM,35.67960739135742,-0.0121197379283191,35.94888251168387,34.8021183013916,0.0182592550477013,-0.0037772106
2020-06-29 00:00:00-04:00,EEM,35.84040832519531,0.0045068022210592,35.9731309073312,34.930098342895505,0.0179743134050549,-0.0031225802
2020-06-30 00:00:00-04:00,EEM,35.72428131103516,-0.0032401141501089,35.982065473284045,35.0124631245931,0.0167356456323977,-0.0033731228
2020-07-01 00:00:00-04:00,EEM,36.12627410888672,0.011252648985478,35.985893794468474,35.117109553019205,0.0166867538003165,-0.0032286858
2020-07-02 00:00:00-04:00,EEM,36.94813537597656,0.0227496825333468,36.05735996791295,35.23464444478353,0.0169734289409394,-0.0036075125
2020-07-06 00:00:00-04:00,EEM,38.53826522827149,0.0430368091952164,36.4249016898019,35.417914326985674,0.0181919276569669,-0.0043359855
2020-07-07 00:00:00-04:00,EEM,37.89506530761719,-0.0166899033167288,36.67886243547712,35.60254058837891,0.0180081259029229,-0.0068887444
2020-07-08 00:00:00-04:00,EEM,38.877723693847656,0.025931038203883,37.13573619297573,35.79623743693034,0.0181478100485625,-0.008893157
2020-07-09 00:00:00-04:00,EEM,38.877723693847656,0.0,37.56963838849749,35.98638153076172,0.0181717135476048,-0.005389695
2020-07-10 00:00:00-04:00,EEM,38.62759780883789,-0.0064336556064713,37.9843978881836,36.17588539123536,0.0181595323563515,-0.0064945975
2020-07-13 00:00:00-04:00,EEM,38.3685302734375,-0.0067067990270188,38.30472019740513,36.33780606587728,0.0181507677441655,-0.0054363096
2020-07-14 00:00:00-04:00,EEM,38.4221305847168,0.001396986303549,38.51529094151088,36.47575645446777,0.0178224274791604,-0.004929551
2020-07-15 00:00:00-04:00,EEM,38.53826522827149,0.0030225977005264,38.51529094151088,36.59034055074056,0.0174227291241564,-0.005324551
2020-07-16 00:00:00-04:00,EEM,37.99333190917969,-0.01414005835146,38.529329027448384,36.65952262878418,0.0172794332724844,-0.0055450844
2020-07-17 00:00:00-04:00,EEM,38.20772933959961,0.0056430278590049,38.43361554827009,36.75272674560547,0.0170185138351656,-0.0047994507
2020-07-20 00:00:00-04:00,EEM,38.699066162109375,0.0128596184856379,38.40809304373605,36.83122253417969,0.0165437443617836,-0.0044356575
2020-07-21 00:00:00-04:00,EEM,39.056400299072266,0.0092336630415326,38.46935054234096,36.914227930704754,0.0165788162044202,-0.005101419
2020-07-22 00:00:00-04:00,EEM,38.886661529541016,-0.0043459911367018,38.54336929321289,36.9998649597168,0.016538189579666,-0.004913808
2020-07-23 00:00:00-04:00,EEM,38.57400131225586,-0.0080402946662736,38.56506511143276,37.06619834899902,0.0166184500531979,-0.004478763
2020-07-24 00:00:00-04:00,EEM,38.53826522827149,-0.0009264292727914,38.56506511143276,37.194993082682295,0.01313426348857,-0.0032266052
2020-07-27 00:00:00-04:00,EEM,39.13679122924805,0.0155306939072461,38.72841644287109,37.31916592915853,0.0129084880277364,-0.0028033638
2020-07-28 00:00:00-04:00,EEM,38.81519317626953,-0.0082172820734004,38.8151969909668,37.44333877563477,0.012880555476276,-0.0032309713
2020-07-29 00:00:00-04:00,EEM,39.440528869628906,0.0161105907812841,38.92112023489816,37.58091176350912,0.0130780396767333,-0.0030440567
2020-07-30 00:00:00-04:00,EEM,38.94026565551758,-0.0126839884871968,38.9045295715332,37.69049377441407,0.0133651305349336,-0.0024675569
2020-07-31 00:00:00-04:00,EEM,38.67226791381836,-0.0068822782070888,38.873901912144255,37.7905470530192,0.0134807808897826,-0.0024217637
2020-08-03 00:00:00-04:00,EEM,38.94026565551758,0.0069299722037625,38.92622538975307,37.899831263224286,0.0134887949089902,-0.0003455719
2020-08-04 00:00:00-04:00,EEM,39.45839691162109,0.0133057966447152,39.057672773088726,38.01179529825846,0.0135144709968833,-0.0013223318
2020-08-05 00:00:00-04:00,EEM,39.88719177246094,0.0108670116984292,39.16487285069057,38.12643928527832,0.0135367341611037,-0.0022574058
2020-08-06 00:00:00-04:00,EEM,40.01225662231445,0.0031354638994631,39.33588191441128,38.26133206685384,0.013180897111443,-0.0021140473
2020-08-07 00:00:00-04:00,EEM,39.190391540527344,-0.0205403331670317,39.30014801025391,38.36376711527507,0.0138991856687906,-0.0018105423
2020-08-10 00:00:00-04:00,EEM,39.28865814208984,0.0025074156623536,39.34991836547852,38.48406880696614,0.0136106661591869,-0.0013974896
2020-08-11 00:00:00-04:00,EEM,39.18146133422852,-0.0027284415638129,39.42266028267996,38.59543724060059,0.0136526880530261,-0.0007210737
2020-08-12 00:00:00-04:00,EEM,39.70853042602539,0.0134520018868318,39.53241239275251,38.72824554443359,0.0137268207068513,-0.0010870127
2020-08-13 00:00:00-04:00,EEM,39.592384338378906,-0.0029249656534848,39.55155345371792,38.84378255208333,0.0136990430377762,-0.0025357893
2020-08-14 00:00:00-04:00,EEM,39.52092742919922,-0.001804814495863,39.4992299761091,38.92954228719076,0.0132124238221342,-0.002122135
2020-08-17 00:00:00-04:00,EEM,40.02118682861328,0.0126580885610607,39.50050571986607,38.97897300720215,0.0109565503494084,-0.0009999098
2020-08-18 00:00:00-04:00,EEM,39.97652053833008,-0.0011160661095455,39.61280986240932,39.04835484822591,0.0104302465264638,-0.00060501974
2020-08-19 00:00:00-04:00,EEM,39.48519515991211,-0.0122903487297469,39.64088657924107,39.068603897094725,0.0096939908705063,-0.00028425548
2020-08-20 00:00:00-04:00,EEM,39.360130310058594,-0.0031673858859507,39.666410718645366,39.08468411763509,0.0097175467602648,0.0005758153
2020-08-21 00:00:00-04:00,EEM,39.55665969848633,0.004993108175191,39.64471490042551,39.11565284729004,0.0096619378373208,0.0008444376
2020-08-24 00:00:00-04:00,EEM,39.99439239501953,0.0110659671435795,39.702144622802734,39.16984825134277,0.0097280392899241,0.0002509486
2020-08-25 00:00:00-04:00,EEM,40.39639663696289,0.0100515151717475,39.82721165248326,39.235657119750975,0.0098545255201036,5.5056065e-05
2020-08-26 00:00:00-04:00,EEM,40.50359344482422,0.0026536230155549,39.896126883370535,39.301168060302736,0.0098530720571844,0.0004450502
2020-08-27 00:00:00-04:00,EEM,40.16412734985352,-0.0083811352549035,39.92292785644531,39.3735279083252,0.0095861819669686,0.0009803372
2020-08-28 00:00:00-04:00,EEM,40.69118881225586,0.0131226917445839,40.09521266392299,39.45630989074707,0.0097821995105148,0.0014040684
2020-08-31 00:00:00-04:00,EEM,39.78893280029297,-0.0221732526942328,40.1564701625279,39.492638778686526,0.0105223843723757,0.00091607217
2020-09-01 00:00:00-04:00,EEM,40.46785354614258,0.0170630549267862,40.28664071219308,39.53968722025554,0.0108268469376299,7.527415e-05
2020-09-02 00:00:00-04:00,EEM,40.36065673828125,-0.0026489373284673,40.3389641898019,39.588820393880205,0.0108010530243797,-0.0013549188
2020-09-03 00:00:00-04:00,EEM,39.592384338378906,-0.0190351808416846,40.22410529000418,39.62276649475098,0.0113036623028285,-0.0005155606
2020-09-04 00:00:00-04:00,EEM,39.610260009765625,0.0004514926717709,40.09648622785296,39.65849965413411,0.0112986535819672,0.0010772841
2020-09-08 00:00:00-04:00,EEM,38.922401428222656,-0.0173656669098708,39.91909681047712,39.65135332743327,0.0114329917239306,0.0006377334
2020-09-09 00:00:00-04:00,EEM,39.5030632019043,0.0149184467652245,39.7493645804269,39.67428232828776,0.0116462523644632,0.0019525262
2020-09-10 00:00:00-04:00,EEM,38.868797302246094,-0.0160561194056371,39.61791665213449,39.655224609375,0.0116546401103706,-0.0015867697
2020-09-11 00:00:00-04:00,EEM,39.24399566650391,0.0096529450433018,39.443079812186106,39.66534894307454,0.0115572795577135,0.001213382
2020-09-14 00:00:00-04:00,EEM,39.87825775146485,0.0161620159769384,39.37416567121233,39.70554860432943,0.0118245380849705,-3.3574179e-06
2020-09-15 00:00:00-04:00,EEM,40.29812240600586,0.0105286609349322,39.47498539515904,39.75081049601237,0.0119037936291937,2.8668903e-05
2020-09-16 00:00:00-04:00,EEM,40.24452209472656,-0.0013300945076117,39.56559426443918,39.77701466878255,0.0116890274664853,0.0009503206
2020-09-17 00:00:00-04:00,EEM,40.08372497558594,-0.0039955032578631,39.731497628348215,39.78356577555338,0.0115585438822685,0.0014815489
2020-09-18 00:00:00-04:00,EEM,39.77106094360352,-0.0078002738561062,39.76978302001954,39.77552591959636,0.0116358911979981,0.0016434966
2020-09-21 00:00:00-04:00,EEM,39.40480041503906,-0.0092092219788612,39.84635489327568,39.78267288208008,0.0111233364552388,0.0016408777
2020-09-22 00:00:00-04:00,EEM,39.109989166259766,-0.0074816074608712,39.82721110752651,39.77671724955241,0.0112024035882365,0.0014837077
2020-09-23 00:00:00-04:00,EEM,38.502532958984375,-0.0155319963064434,39.63067899431501,39.754086303710935,0.0115449956730526,0.0011388911
2020-09-24 00:00:00-04:00,EEM,38.3238639831543,-0.0046404473186324,39.34864207676479,39.70793075561524,0.0112590874850662,0.0021194061
2020-09-25 00:00:00-04:00,EEM,38.359596252441406,0.0009323764770383,39.079366956438335,39.66683781941732,0.0112598017594529,0.0013480755
2020-09-28 00:00:00-04:00,EEM,38.78839111328125,0.0111782944225475,38.89431926182338,39.64241994222005,0.0114749499340625,0.0009921389
2020-09-29 00:00:00-04:00,EEM,38.76159286499024,-0.0006908832132981,38.7501095363072,39.60043347676595,0.0112002575121178,0.00034547038
2020-09-30 00:00:00-04:00,EEM,39.38692855834961,0.0161328688306867,38.74755641392299,39.5807804107666,0.0116288766432696,0.0021250965
2020-10-01 00:00:00-04:00,EEM,39.75319290161133,0.0092991344252475,38.839442661830354,39.58971366882325,0.0115372421702597,0.0012821658
2020-10-02 00:00:00-04:00,EEM,39.29759216308594,-0.0114607332209263,38.95302254813058,39.58762906392416,0.0117208383177019,0.0020727636
2020-10-05 00:00:00-04:00,EEM,39.82466125488281,0.0134122490153982,39.16742215837751,39.59656244913737,0.0119428677921774,0.0020554988
2020-10-06 00:00:00-04:00,EEM,39.896121978759766,0.0017943837216742,39.38692583356585,39.59328676859538,0.0117732656762527,0.0010575792
2020-10-07 00:00:00-04:00,EEM,40.3338623046875,0.0109720018943391,39.60770743233817,39.59120229085286,0.0118015703658346,0.00093233306
2020-10-08 00:00:00-04:00,EEM,40.66439056396485,0.0081948080444291,39.87953567504883,39.596562194824216,0.0118873298265613,0.000680794
2020-10-09 00:00:00-04:00,EEM,40.94132232666016,0.0068101786072436,40.10159192766462,39.62246869405111,0.0118325984440186,0.00021719467
2020-10-12 00:00:00-04:00,EEM,41.29866027832031,0.0087280510582692,40.32237298148019,39.64271774291992,0.011700050139016,0.00013774913
2020-10-13 00:00:00-04:00,EEM,41.12892532348633,-0.0041099385231895,40.58399200439453,39.6873841603597,0.0109291797993278,0.00012504403
2020-10-14 00:00:00-04:00,EEM,40.85198974609375,-0.0067333531137618,40.73075321742466,39.70018870035808,0.0105937560643716,-0.0003453819
2020-10-15 00:00:00-04:00,EEM,40.55718612670898,-0.0072163833687675,40.82519095284598,39.70673967997233,0.0106711656113197,0.00010498706
2020-10-16 00:00:00-04:00,EEM,40.70012283325195,0.0035243250381427,40.87751388549805,39.7436642964681,0.0100441547345359,-6.542541e-06
2020-10-19 00:00:00-04:00,EEM,40.58399200439453,-0.0028533287069724,40.866028376988005,39.77612202962239,0.010068120752891,-0.0007447712
2020-10-20 00:00:00-04:00,EEM,41.0306510925293,0.0110057947992499,40.878789629255024,39.84639701843262,0.0096197378657373,-0.0008667195
2020-10-21 00:00:00-04:00,EEM,41.14678955078125,0.002830529254582,40.85709381103516,39.90118789672852,0.0092993311151742,-0.0010203626
2020-10-22 00:00:00-04:00,EEM,41.13785552978516,-0.00021712559093,40.85836955479213,39.97682317097982,0.0087046049849362,-0.00037564244
2020-10-23 00:00:00-04:00,EEM,41.37905502319336,0.0058632004586034,40.93366459437779,40.0479918162028,0.008615700657032,0.00063026976
2020-10-26 00:00:00-04:00,EEM,40.843055725097656,-0.0129533962966353,40.97450310843332,40.08015174865723,0.0085822734608843,0.00092365127
2020-10-27 00:00:00-04:00,EEM,41.02172088623047,0.0043744317843246,41.02044568743025,40.10427169799805,0.0084144323476188,0.0005546985
2020-10-28 00:00:00-04:00,EEM,39.99439239501953,-0.0250435249671784,40.93621717180525,40.095934041341145,0.0096306047410367,0.0006526271
2020-10-29 00:00:00-04:00,EEM,40.39639663696289,0.0100515151717475,40.84560939243862,40.10635643005371,0.0097781851360253,0.0009161895
2020-10-30 00:00:00-04:00,EEM,39.94078826904297,-0.0112784407979358,40.67332349504744,40.11201400756836,0.0098974994748073,-0.0014252001
2020-11-02 00:00:00-05:00,EEM,40.449989318847656,0.0127488983535999,40.57505689348493,40.14685363769532,0.0099899721026114,0.0004411852
2020-11-03 00:00:00-05:00,EEM,40.62865447998047,0.0044169396368558,40.46785681588309,40.197475814819335,0.0098804507630367,-0.0008777147
2020-11-04 00:00:00-05:00,EEM,41.9061164855957,0.0314423901545815,40.61972263881138,40.31092859903971,0.0107976337974715,0.0004141098
2020-11-05 00:00:00-05:00,EEM,42.62078094482422,0.0170539415045574,40.84815979003906,40.45415916442871,0.0110008889743493,-0.00074966904
2020-11-06 00:00:00-05:00,EEM,42.81731796264648,0.004611295557364,41.25143487112863,40.60274988810222,0.0109905464612058,0.0005787844
2020-11-09 00:00:00-05:00,EEM,43.11211395263672,0.006884970942071,41.63939448765346,40.7468739827474,0.0109179228884283,0.0009559849
2020-11-10 00:00:00-05:00,EEM,42.62078094482422,-0.0113966345596572,42.02225058419364,40.87551358540853,0.0112329685644518,0.00143502
2020-11-11 00:00:00-05:00,EEM,42.8977165222168,0.0064976654874318,42.37192589896066,40.99253985087077,0.0109863550296436,-0.0007949928
2020-11-12 00:00:00-05:00,EEM,42.576114654541016,-0.0074969460789182,42.65013449532645,41.08663724263509,0.0110770469501021,-0.00062174816
2020-11-13 00:00:00-05:00,EEM,43.17464828491211,0.0140579673656824,42.83135332380022,41.21587244669596,0.0109592242704699,-0.0025584744
2020-11-16 00:00:00-05:00,EEM,43.71064376831055,0.0124145882987019,42.9870480128697,41.34540519714356,0.0109286355371761,-0.0031538317
2020-11-17 00:00:00-05:00,EEM,43.66597366333008,-0.0010219502878348,43.10828454153879,41.47106691996257,0.0109528930948063,-0.003739114
2020-11-18 00:00:00-05:00,EEM,43.51411819458008,-0.0034776613461278,43.16571371895926,41.57707544962565,0.0109111471039407,-0.0036679087
2020-11-19 00:00:00-05:00,EEM,43.5855827331543,0.0016423299273733,43.30354254586356,41.67444852193197,0.0108605572937337,-0.0024158983
2020-11-20 00:00:00-05:00,EEM,43.82677459716797,0.0055337533397299,43.43626512799944,41.77063026428223,0.0108450599136051,-0.0023744656
2020-11-23 00:00:00-05:00,EEM,43.942909240722656,0.0026498560439853,43.63152149745396,41.85877189636231,0.0107779686813306,-0.003076448
2020-11-24 00:00:00-05:00,EEM,44.53250503540039,0.0134173136204496,43.825501033238005,41.97222455342611,0.010902562651342,-0.0037126327
2020-11-25 00:00:00-05:00,EEM,44.28238296508789,-0.0056166180212334,43.90717806134905,42.08657099405925,0.010871065557642,-0.0039892597
2020-11-27 00:00:00-05:00,EEM,44.702239990234375,0.0094813557228277,44.05521610804966,42.22473945617676,0.0107702759180754,-0.004853246
2020-11-30 00:00:00-05:00,EEM,43.5319709777832,-0.0261792029371867,44.05776650565012,42.3191343943278,0.0120399070809984,-0.0034547234
2020-12-01 00:00:00-05:00,EEM,44.38957977294922,0.0197006654167737,44.17262322562082,42.44598731994629,0.0124047047876993,-0.0052808905
2020-12-02 00:00:00-05:00,EEM,44.45210647583008,0.0014085896555156,44.26195635114397,42.56003583272298,0.0123163365511427,-0.0060295584
2020-12-03 00:00:00-05:00,EEM,44.961307525634766,0.0114550488193749,44.407441820417134,42.68718643188477,0.0124185918881811,-0.0064318096
2020-12-04 00:00:00-05:00,EEM,45.42583465576172,0.010331708655539,44.5350603376116,42.830119069417314,0.0124725838820818,-0.005430416
2020-12-07 00:00:00-05:00,EEM,45.42583465576172,0.0,44.69841057913644,42.96501172383626,0.0124783610724518,-0.005645686
2020-12-08 00:00:00-05:00,EEM,45.44370651245117,0.0003934293519289,44.80433436802456,43.11836675008138,0.0121155917504803,-0.005767676
2020-12-09 00:00:00-05:00,EEM,45.05064392089844,-0.0086494395311931,45.021287645612446,43.25266418457032,0.0123198083553769,-0.004668518
2020-12-10 00:00:00-05:00,EEM,45.63130569458008,0.0128890893258082,45.19867706298828,43.440561294555664,0.011218344195907,-0.005329081
2020-12-11 00:00:00-05:00,EEM,45.3097038269043,-0.0070478339986221,45.3211909702846,43.60433820088704,0.0113582641977563,-0.0054699974
2020-12-14 00:00:00-05:00,EEM,45.07413482666016,-0.0051990849718213,45.337309156145366,43.77544975280762,0.011130147019238,-0.0073026093
2020-12-15 00:00:00-05:00,EEM,45.56152725219727,0.0108131288023931,45.35669381277902,43.94583435058594,0.0110837810092272,-0.0055450285
2020-12-16 00:00:00-05:00,EEM,45.77813720703125,0.0047542294540516,45.40702274867466,44.11748377482096,0.0110843542235172,-0.0059575504
2020-12-17 00:00:00-05:00,EEM,46.075984954833984,0.0065063317551721,45.49734824044364,44.25647939046224,0.0098220989389151,-0.006400806
2020-12-18 00:00:00-05:00,EEM,46.02183151245117,-0.0011753073197653,45.63608932495117,44.36984774271647,0.0094947726592465,-0.004963494
2020-12-21 00:00:00-05:00,EEM,45.344913482666016,-0.0147086286559894,45.59517615182059,44.454100926717125,0.0099960459404594,-0.0049120383
2020-12-22 00:00:00-05:00,EEM,44.98387908935547,-0.007961960131395,45.54862976074219,44.51649309794108,0.0101107853222807,-0.0044936473
2020-12-23 00:00:00-05:00,EEM,45.44418716430664,0.0102327341320835,45.60149438040597,44.6106066385905,0.0099314438946625,-0.003258572
2020-12-24 00:00:00-05:00,EEM,45.24562072753906,-0.0043694573312456,45.55636487688337,44.68887011210124,0.0099669592793249,-0.005196986
2020-12-28 00:00:00-05:00,EEM,45.37199020385742,0.0027929659110952,45.49834387642996,44.78206596374512,0.0098108976757122,-0.00533053
2020-12-29 00:00:00-05:00,EEM,46.04891204833984,0.0149193773832927,45.494476318359375,44.877874755859374,0.0098480833865909,-0.0041466877
2020-12-30 00:00:00-05:00,EEM,46.66265487670898,0.013328063597352,45.58602251325335,44.97627512613932,0.0098821157137787,-0.0041982564
